iteration,reward_mean,length_mean,games,loss
5000,1.4,3.7,10,0.00027581967879086733
10000,2.25,4.83,12,0.0003050546511076391
15000,4.0,7.0,8,0.0001755183475324884
20000,1.5,3.88,8,0.0003033488756045699
25000,5.75,8.75,8,0.0005045715370215476
30000,5.33,8.33,9,0.0013744109310209751
35000,4.0,7.0,8,0.0012405305169522762
40000,3.5,6.5,8,0.0006701018428429961
45000,4.25,7.25,8,0.0022753241937607527
50000,6.12,9.12,8,0.0015587558737024665
